,userId,movieId,tag,timestamp
1,3.0,1.0,,
2,3.0,1.0,,
5,,1.0,,
6,1.0,,,
7,1.0,,,
10,,1.0,,
15,12.0,,,
23,1.0,,,
47,,10.0,,
50,,1.0,,
68,2.0,,,
73,7.0,,,
77,7.0,,,
84,3.0,,,
91,1.0,,,
94,4.0,,,
104,,1.0,,
106,1.0,,,
111,,3.0,,
132,7.0,,,
138,42.0,,,
149,3.0,,,
150,,2.0,,
152,1.0,,,
153,,1.0,,
164,1.0,,,
176,5.0,,,
179,2.0,,,
186,,1.0,,
187,1.0,,,
200,3.0,,,
212,103.0,,,
215,,2.0,,
219,5.0,,,
232,,5.0,,
236,,1.0,,
246,,1.0,,
247,,4.0,,
255,3.0,,,
257,2.0,,,
260,,25.0,,
277,9.0,,,
293,,5.0,,
294,4.0,,,
296,,5.0,,
297,13.0,,,
300,,1.0,,
306,,1.0,,
313,38.0,,,
314,4.0,,,
317,,1.0,,
318,,9.0,,
319,,1.0,,
337,,1.0,,
339,,1.0,,
346,42.0,,,
347,3.0,,,
350,,1.0,,
353,6.0,,,
357,,1.0,,
364,196.0,1.0,,
377,1.0,1.0,,
380,1.0,,,
402,2.0,,,
423,51.0,,,
431,79.0,,,
434,,1.0,,
446,6.0,,,
448,2.0,,,
450,3.0,,,
456,12.0,,,
468,2.0,,,
478,8.0,,,
480,13.0,,,
481,9.0,,,
494,,1.0,,
500,,1.0,,
501,35.0,,,
503,2.0,,,
512,2.0,,,
520,1.0,1.0,,
529,,1.0,,
531,79.0,,,
541,,1.0,,
546,23.0,,,
547,400.0,,,
567,2.0,,,
574,1.0,,,
583,3.0,,,
587,,1.0,,
588,,1.0,,
593,,1.0,,
599,2.0,2.0,,
608,,2.0,,
611,4.0,,,
615,5.0,,,
628,,1.0,,
630,2.0,,,
652,1.0,,,
660,5.0,,,
661,,1.0,,
663,2.0,,,
741,,1.0,,
745,,2.0,,
757,,1.0,,
778,,1.0,,
780,,1.0,,
858,,1.0,,
904,,1.0,,
914,,1.0,,
924,,2.0,,
946,,1.0,,
954,,1.0,,
1028,,7.0,,
1036,,2.0,,
1042,,1.0,,
1059,,4.0,,
1061,,3.0,,
1079,,4.0,,
1080,,1.0,,
1088,,6.0,,
1089,,5.0,,
1103,,1.0,,
1120,,1.0,,
1131,,2.0,,
1153,,1.0,,
1172,,1.0,,
1176,,5.0,,
1197,,1.0,,
1199,,2.0,,
1200,,1.0,,
1209,,1.0,,
1210,,10.0,,
1211,,1.0,,
1219,,2.0,,
1220,,1.0,,
1232,,1.0,,
1242,,1.0,,
1245,,1.0,,
1250,,1.0,,
1258,,10.0,,
1259,,1.0,,
1260,,1.0,,
1265,,10.0,,
1272,,1.0,,
1273,,1.0,,
1274,,1.0,,
1281,,2.0,,
1283,,2.0,,
1291,,2.0,,
1293,,1.0,,
1358,,1.0,,
1376,,1.0,,
1513,,1.0,,
1517,,1.0,,
1572,,1.0,,
1610,,1.0,,
1617,,1.0,,
1635,,1.0,,
1639,,1.0,,
1704,,4.0,,
1721,,1.0,,
1729,,1.0,,
1732,,10.0,,
1801,,1.0,,
1900,,3.0,,
1909,,1.0,,
1935,,1.0,,
1942,,1.0,,
1953,,1.0,,
1954,,1.0,,
1955,,1.0,,
1956,,2.0,,
1957,,1.0,,
1997,,4.0,,
2004,,1.0,,
2012,,1.0,,
2019,,2.0,,
2028,,3.0,,
2068,,2.0,,
2082,,1.0,,
2085,,1.0,,
2109,,1.0,,
2174,,2.0,,
2178,,1.0,,
2182,,1.0,,
2202,,1.0,,
2273,,1.0,,
2288,,1.0,,
2294,,1.0,,
2329,,1.0,,
2330,,1.0,,
2359,,1.0,,
2361,,1.0,,
2369,,1.0,,
2396,,3.0,,
2424,,6.0,,
2502,,1.0,,
2529,,2.0,,
2542,,3.0,,
2571,,3.0,,
2600,,1.0,,
2641,,3.0,,
2677,,1.0,,
2692,,3.0,,
2700,,1.0,,
2730,,2.0,,
2747,,1.0,,
2857,,1.0,,
2920,,2.0,,
2924,,1.0,,
2927,,1.0,,
2936,,2.0,,
2942,,4.0,,
2959,,3.0,,
2968,,2.0,,
2985,,1.0,,
2989,,1.0,,
2997,,1.0,,
3022,,1.0,,
3030,,3.0,,
3052,,1.0,,
3089,,1.0,,
3111,,1.0,,
3113,,1.0,,
3114,,2.0,,
3160,,1.0,,
3175,,1.0,,
3176,,2.0,,
3246,,1.0,,
3257,,2.0,,
3260,,1.0,,
3265,,2.0,,
3275,,1.0,,
3300,,3.0,,
3301,,3.0,,
3361,,1.0,,
3384,,1.0,,
3415,,1.0,,
3498,,1.0,,
3499,,1.0,,
3539,,1.0,,
3546,,2.0,,
3629,,2.0,,
3632,,1.0,,
3634,,2.0,,
3671,,1.0,,
3676,,1.0,,
3679,,1.0,,
3703,,6.0,,
3707,,3.0,,
3742,,1.0,,
3751,,1.0,,
3785,,1.0,,
3789,,1.0,,
3793,,2.0,,
3809,,2.0,,
3811,,1.0,,
3882,,3.0,,
3893,,1.0,,
3916,,1.0,,
3947,,1.0,,
3948,,1.0,,
3949,,3.0,,
3978,,1.0,,
3994,,2.0,,
3996,,1.0,,
4011,,3.0,,
4016,,1.0,,
4018,,6.0,,
4023,,1.0,,
4041,,1.0,,
4069,,1.0,,
4103,,1.0,,
4121,,1.0,,
4189,,1.0,,
4223,,1.0,,
4226,,4.0,,
4262,,1.0,,
4306,,1.0,,
4322,,1.0,,
4326,,1.0,,
4327,,1.0,,
4351,,1.0,,
4369,,1.0,,
4388,,1.0,,
4437,,1.0,,
4467,,1.0,,
4612,,1.0,,
4638,,1.0,,
4641,,1.0,,
4701,,1.0,,
4712,,1.0,,
4721,,2.0,,
4763,,1.0,,
4823,,1.0,,
4890,,1.0,,
4911,,1.0,,
4928,,1.0,,
4973,,12.0,,
4993,,1.0,,
4995,,5.0,,
5064,,2.0,,
5135,,1.0,,
5169,,1.0,,
5198,,1.0,,
5219,,1.0,,
5289,,1.0,,
5299,,3.0,,
5349,,1.0,,
5377,,2.0,,
5445,,1.0,,
5449,,1.0,,
5464,,1.0,,
5481,,1.0,,
5507,,2.0,,
5602,,1.0,,
5608,,1.0,,
5618,,5.0,,
5662,,1.0,,
5747,,1.0,,
5782,,2.0,,
5791,,1.0,,
5795,,1.0,,
5812,,1.0,,
5902,,1.0,,
5909,,1.0,,
5952,,2.0,,
5956,,1.0,,
5971,,2.0,,
5984,,10.0,,
6016,,1.0,,
6218,,5.0,,
6229,,1.0,,
6281,,1.0,,
6287,,1.0,,
6350,,6.0,,
6433,,1.0,,
6515,,1.0,,
6539,,10.0,,
6643,,1.0,,
6683,,1.0,,
6713,,1.0,,
6754,,1.0,,
6783,,1.0,,
6830,,1.0,,
6857,,1.0,,
6863,,6.0,,
6874,,1.0,,
6942,,9.0,,
6953,,1.0,,
6981,,1.0,,
6983,,1.0,,
6985,,2.0,,
6986,,1.0,,
7022,,2.0,,
7090,,1.0,,
7153,,2.0,,
7155,,2.0,,
7161,,3.0,,
7195,,1.0,,
7243,,1.0,,
7335,,1.0,,
7347,,1.0,,
7361,,2.0,,
7373,,3.0,,
7376,,1.0,,
7438,,1.0,,
7458,,1.0,,
7478,,1.0,,
7792,,1.0,,
7844,,1.0,,
7926,,1.0,,
8125,,1.0,,
8128,,1.0,,
8154,,1.0,,
8188,,1.0,,
8195,,1.0,,
8207,,1.0,,
8236,,1.0,,
8369,,1.0,,
8464,,3.0,,
8494,,1.0,,
8528,,1.0,,
8533,,2.0,,
8584,,1.0,,
8623,,1.0,,
8636,,1.0,,
8645,,1.0,,
8751,,1.0,,
8765,,1.0,,
8766,,1.0,,
8767,,1.0,,
8781,,1.0,,
8795,,1.0,,
8861,,4.0,,
8865,,2.0,,
8874,,2.0,,
8928,,5.0,,
8961,,1.0,,
8972,,1.0,,
25805,,1.0,,
25927,,2.0,,
26150,,1.0,,
26151,,1.0,,
26366,,1.0,,
26554,,2.0,,
26585,,1.0,,
26614,,1.0,,
26662,,3.0,,
27255,,3.0,,
27592,,2.0,,
27611,,2.0,,
27773,,8.0,,
27904,,3.0,,
30745,,1.0,,
31221,,1.0,,
31658,,1.0,,
31770,,1.0,,
31878,,3.0,,
32025,,1.0,,
32892,,1.0,,
33794,,2.0,,
34162,,1.0,,
34321,,5.0,,
34405,,3.0,,
34517,,1.0,,
35836,,8.0,,
35957,,1.0,,
36401,,1.0,,
37729,,1.0,,
37733,,3.0,,
37741,,1.0,,
38304,,1.0,,
39183,,1.0,,
39421,,2.0,,
40148,,1.0,,
40614,,1.0,,
40629,,1.0,,
40819,,1.0,,
41585,,1.0,,
41863,,1.0,,
41997,,2.0,,
42217,,1.0,,
44191,,2.0,,
44199,,2.0,,
44555,,2.0,,
45028,,1.0,,
45210,,1.0,,
45720,,4.0,,
46578,,9.0,,
46664,,2.0,,
46723,,1.0,,
46970,,3.0,,
47044,,1.0,,
47099,,2.0,,
47274,,1.0,,
47423,,1.0,,
47465,,1.0,,
47629,,1.0,,
47640,,3.0,,
48394,,4.0,,
48516,,1.0,,
48696,,1.0,,
48711,,1.0,,
48738,,1.0,,
48774,,1.0,,
48780,,8.0,,
49824,,1.0,,
49917,,1.0,,
50068,,1.0,,
51540,,1.0,,
52241,,1.0,,
52281,,2.0,,
52319,,1.0,,
52579,,1.0,,
52885,,1.0,,
52967,,1.0,,
52973,,1.0,,
53000,,1.0,,
53123,,1.0,,
53318,,2.0,,
53894,,1.0,,
53953,,1.0,,
54272,,1.0,,
54286,,1.0,,
54290,,1.0,,
54513,,1.0,,
54881,,1.0,,
55052,,1.0,,
55063,,1.0,,
55069,,2.0,,
55118,,1.0,,
55247,,6.0,,
55253,,1.0,,
55269,,1.0,,
55276,,1.0,,
55280,,1.0,,
55363,,2.0,,
55442,,2.0,,
55820,,3.0,,
55946,,1.0,,
56015,,1.0,,
56152,,1.0,,
56286,,1.0,,
56367,,6.0,,
56607,,1.0,,
56782,,1.0,,
56788,,1.0,,
56805,,1.0,,
57669,,1.0,,
58191,,1.0,,
58559,,1.0,,
58879,,1.0,,
59725,,5.0,,
60069,,1.0,,
60072,,1.0,,
60684,,4.0,,
60766,,1.0,,
61024,,3.0,,
61236,,2.0,,
61240,,2.0,,
61323,,1.0,,
61357,,1.0,,
62849,,3.0,,
63082,,1.0,,
63131,,2.0,,
63876,,1.0,,
63992,,8.0,,
64614,,1.0,,
64620,,1.0,,
64622,,1.0,,
64701,,1.0,,
64839,,1.0,,
64957,,15.0,,
64969,,4.0,,
65514,,3.0,,
66097,,7.0,,
66203,,1.0,,
66665,,1.0,,
66934,,12.0,,
67087,,1.0,,
67255,,1.0,,
67429,,1.0,,
67665,,2.0,,
67997,,4.0,,
68157,,10.0,,
68319,,5.0,,
68358,,4.0,,
68954,,3.0,,
69481,,1.0,,
69526,,3.0,,
69640,,1.0,,
69712,,4.0,,
70286,,5.0,,
70293,,1.0,,
71057,,1.0,,
71108,,1.0,,
71464,,1.0,,
71745,,1.0,,
72011,,1.0,,
72131,,1.0,,
72176,,1.0,,
72226,,1.0,,
72395,,1.0,,
72720,,1.0,,
72741,,1.0,,
72998,,5.0,,
73023,,1.0,,
74324,,1.0,,
74458,,5.0,,
74545,,1.0,,
76251,,2.0,,
77455,,3.0,,
78039,,1.0,,
78209,,1.0,,
78349,,4.0,,
78499,,2.0,,
78574,,1.0,,
78653,,1.0,,
79132,,9.0,,
79242,,1.0,,
80463,,1.0,,
80489,,1.0,,
80551,,1.0,,
81562,,1.0,,
81591,,1.0,,
81786,,2.0,,
81845,,1.0,,
81932,,1.0,,
82152,,1.0,,
82313,,1.0,,
82459,,1.0,,
82461,,2.0,,
82463,,1.0,,
83976,,1.0,,
85394,,1.0,,
86320,,1.0,,
86833,,1.0,,
87304,,1.0,,
88125,,1.0,,
88129,,1.0,,
88235,,1.0,,
88810,,1.0,,
89260,,1.0,,
89470,,1.0,,
89492,,1.0,,
89759,,1.0,,
89804,,1.0,,
90057,,1.0,,
90376,,1.0,,
90439,,1.0,,
90531,,1.0,,
90866,,1.0,,
91077,,1.0,,
93040,,3.0,,
94777,,4.0,,
94931,,1.0,,
94959,,1.0,,
94969,,1.0,,
95135,,1.0,,
95441,,4.0,,
95449,,1.0,,
95558,,1.0,,
95761,,1.0,,
96417,,1.0,,
96588,,1.0,,
96610,,2.0,,
96728,,1.0,,
96811,,1.0,,
96832,,2.0,,
97304,,1.0,,
97673,,1.0,,
97752,,1.0,,
97921,,1.0,,
97923,,1.0,,
97938,,5.0,,
98154,,1.0,,
98961,,1.0,,
99114,,1.0,,
99149,,1.0,,
100365,,3.0,,
101285,,1.0,,
101525,,1.0,,
101895,,1.0,,
102194,,1.0,,
102469,,1.0,,
103107,,1.0,,
103372,,1.0,,
103449,,1.0,,
103624,,1.0,,
103688,,1.0,,
104283,,1.0,,
104841,,1.0,,
105197,,1.0,,
105355,,1.0,,
105504,,5.0,,
106100,,1.0,,
106473,,4.0,,
106696,,4.0,,
106766,,1.0,,
106916,,1.0,,
106918,,3.0,,
106920,,1.0,,
107141,,1.0,,
107636,,1.0,,
107649,,3.0,,
107999,,2.0,,
109249,,7.0,,
109374,,9.0,,
109487,,12.0,,
110871,,1.0,,
111249,,1.0,,
111251,,2.0,,
111384,,2.0,,
111505,,1.0,,
111622,,1.0,,
111624,,2.0,,
111931,,3.0,,
112070,,1.0,,
112183,,1.0,,
112290,,1.0,,
112515,,2.0,,
112550,,1.0,,
112552,,4.0,,
112556,,1.0,,
112852,,1.0,,
113064,,1.0,,
114254,,1.0,,
114342,,1.0,,
114459,,1.0,,
114662,,1.0,,
115139,,1.0,,
115569,,1.0,,
115617,,11.0,,
115713,,1.0,,
116161,,1.0,,
116797,,1.0,,
117176,,1.0,,
117533,,6.0,,
118700,,2.0,,
118880,,2.0,,
118997,,7.0,,
121231,,3.0,,
122882,,2.0,,
122886,,2.0,,
123663,,1.0,,
123695,,1.0,,
127108,,2.0,,
127114,,1.0,,
127144,,1.0,,
127206,,1.0,,
127212,,1.0,,
128235,,1.0,,
128360,,1.0,,
128512,,1.0,,
128606,,1.0,,
130682,,3.0,,
131796,,1.0,,
132046,,1.0,,
132458,,1.0,,
132547,,1.0,,
132549,,1.0,,
132800,,1.0,,
133645,,1.0,,
133771,,1.0,,
134130,,1.0,,
134853,,6.0,,
134859,,2.0,,
134881,,1.0,,
135518,,3.0,,
137337,,1.0,,
138610,,2.0,,
139385,,1.0,,
139642,,1.0,,
140174,,1.0,,
140715,,1.0,,
140725,,1.0,,
141749,,1.0,,
142488,,1.0,,
143385,,1.0,,
144172,,1.0,,
146501,,1.0,,
146656,,1.0,,
148482,,1.0,,
148626,,1.0,,
155064,,1.0,,
156387,,1.0,,
158783,,1.0,,
160954,,1.0,,
161336,,1.0,,
161582,,1.0,,
163056,,1.0,,
163949,,1.0,,
164977,,1.0,,
164979,,1.0,,
getdvd,,,33.0,
Ei muista,,,29.0,
toplist07,,,26.0,
tivo,,,26.0,
toplist12,,,20.0,
toplist11,,,20.0,
tcm,,,20.0,
toplist15,,,19.0,
toplist08,,,19.0,
toplist09,,,18.0,
toplist14,,,18.0,
toplist10,,,18.0,
toplist06,,,16.0,
funny,,,16.0,
holes70s,,,16.0,
holes00s,,,16.0,
sightsound,,,14.0,
comedy,,,14.0,
toplist13,,,14.0,
holes80s,,,14.0,
holes40s,,,13.0,
twist ending,,,12.0,
dvd,,,12.0,
holes90s,,,11.0,
anime,,,10.0,
sci-fi,,,10.0,
quirky,,,9.0,
afi,,,9.0,
martial arts,,,8.0,
Katso Sanna!,,,8.0,
holes60s,,,8.0,
psychology,,,8.0,
Nudity (Topless),,,7.0,
dark comedy,,,7.0,
overrated,,,7.0,
hdtv,,,7.0,
boring,,,6.0,
bkk,,,6.0,
action,,,5.0,
Quentin Tarantino,,,5.0,
explosions,,,5.0,
drama,,,5.0,
cult film,,,5.0,
interesting,,,5.0,
aliens,,,5.0,
Brad Pitt,,,5.0,
toplist05,,,5.0,
love,,,5.0,
psychological,,,5.0,
disturbing,,,4.0,
imaginative,,,4.0,
long,,,4.0,
Science Fiction,,,4.0,
musical,,,4.0,
space,,,4.0,
dark,,,4.0,
coming of age,,,4.0,
alternate reality,,,4.0,
revenge,,,4.0,
family,,,4.0,
nonlinear,,,4.0,
music,,,4.0,
stylized,,,4.0,
thriller,,,3.0,
animation,,,3.0,
feel-good,,,3.0,
Christopher Nolan,,,3.0,
predictable,,,3.0,
Guy Ritchie,,,3.0,
Bill Murray,,,3.0,
bad plot,,,3.0,
parody,,,3.0,
Pixar,,,3.0,
Studio Ghibli,,,3.0,
cinematography,,,3.0,
intellectual,,,3.0,
Trilogy of the Imagination,,,3.0,
Gilliam,,,3.0,
horror,,,3.0,
superhero,,,3.0,
original plot,,,3.0,
romance,,,3.0,
time travel,,,3.0,
violent,,,3.0,
organized crime,,,3.0,
Nudity (Full Frontal),,,3.0,
post-apocalyptic,,,3.0,
satire,,,3.0,
jesus,,,3.0,
documentary,,,3.0,
Disney,,,3.0,
Nudity (Topless - Notable),,,3.0,
dystopia,,,3.0,
war,,,2.0,
whimsical,,,2.0,
Mel Gibson,,,2.0,
Keira Knightley,,,2.0,
mad scientist,,,2.0,
indie,,,2.0,
travel,,,2.0,
dark humor,,,2.0,
friendship,,,2.0,
relationships,,,2.0,
happy ending,,,2.0,
breathtaking,,,2.0,
Neil Patrick Harris,,,2.0,
creative,,,2.0,
genius,,,2.0,
World War II,,,2.0,
visually appealing,,,2.0,
Gwenth Paltrow,,,2.0,
Takashi Miike,,,2.0,
atmospheric,,,2.0,
Steve Martin,,,2.0,
ending,,,2.0,
kung fu,,,2.0,
girlie movie,,,2.0,
stupid,,,2.0,
pirates,,,2.0,
multiple storylines,,,2.0,
vengeance,,,2.0,
Ang Lee,,,2.0,
surrealism,,,2.0,
toplist16,,,2.0,
classic,,,2.0,
Adam Sandler,,,2.0,
assassin,,,2.0,
imagination,,,2.0,
dance,,,2.0,
Romance,,,2.0,
historical,,,2.0,
black comedy,,,2.0,
great soundtrack,,,2.0,
slow,,,2.0,
surreal,,,2.0,
George Lucas,,,2.0,
philosophy,,,2.0,
british,,,2.0,
mathematics,,,2.0,
fairy tale,,,2.0,
emotional,,,2.0,
satirical,,,2.0,
fashion,,,2.0,
off-beat comedy,,,2.0,
Teen movie,,,2.0,
notable soundtrack,,,2.0,
ocean,,,2.0,
fantasy,,,2.0,
philosophical,,,2.0,
violence,,,2.0,
zombies,,,2.0,
Johnny Depp,,,2.0,
Tom Hanks,,,2.0,
self discovery,,,2.0,
road trip,,,2.0,
weird,,,2.0,
math,,,1.0,
femme-fatale,,,1.0,
aging,,,1.0,
stallone,,,1.0,
Julie Andrews,,,1.0,
Orlando Bloom,,,1.0,
Mindfuck,,,1.0,
prison escape,,,1.0,
Gag,,,1.0,
Too slow,,,1.0,
starship pilots,,,1.0,
storyline,,,1.0,
nerdy,,,1.0,
football,,,1.0,
very funny!,,,1.0,
Star Wars,,,1.0,
standard romantic comedy,,,1.0,
dull story,,,1.0,
gratuitous violence,,,1.0,
keanu reeves,,,1.0,
siblings,,,1.0,
didn't get it,,,1.0,
nascar,,,1.0,
experiment,,,1.0,
nerds,,,1.0,
romantic,,,1.0,
mel gibson,,,1.0,
Domination,,,1.0,
Beautiful Woman,,,1.0,
Ralph Fiennes,,,1.0,
suspense,,,1.0,
play enough video games and you can become an NSA agent,,,1.0,
No progress,,,1.0,
who done it,,,1.0,
Dave Foley,,,1.0,
powerpoint,,,1.0,
classic sci-fi,,,1.0,
renee z,,,1.0,
time-travel,,,1.0,
vampires,,,1.0,
Nathan Fillion,,,1.0,
Vin Diesel,,,1.0,
christmas,,,1.0,
john cusack,,,1.0,
children,,,1.0,
short,,,1.0,
interesting concept - bad execution,,,1.0,
Eliza Dushku,,,1.0,
Rosanna Arquette,,,1.0,
Meg Ryan,,,1.0,
animation style,,,1.0,
space adventure,,,1.0,
awesome,,,1.0,
independent film,,,1.0,
Kevin Costner,,,1.0,
Cambodia,,,1.0,
magical realism,,,1.0,
alex pettyfer,,,1.0,
clever,,,1.0,
sex,,,1.0,
tom hanks,,,1.0,
Billy Bob Thornton,,,1.0,
diluted version of comic,,,1.0,
Morgan Freeman,,,1.0,
awesome soundtrack,,,1.0,
Zooey Deschanel,,,1.0,
amazing storytelling,,,1.0,
teenagers,,,1.0,
Streep strong & funny,,,1.0,
"imaginary world, characters, story, philosophical",,,1.0,
creepy good,,,1.0,
bookshop,,,1.0,
cult classic,,,1.0,
dumb,,,1.0,
witty!,,,1.0,
b movie,,,1.0,
Monty Python,,,1.0,
starwars,,,1.0,
Amanda Peet,,,1.0,
sentimental,,,1.0,
stupidity,,,1.0,
Spanked,,,1.0,
ethan hawke,,,1.0,
light,,,1.0,
snorefest,,,1.0,
fantasy world,,,1.0,
addiction,,,1.0,
stereotypes,,,1.0,
moore,,,1.0,
steve martin,,,1.0,
scary,,,1.0,
books,,,1.0,
collin farrel,,,1.0,
claire daines,,,1.0,
can't stand rogue!,,,1.0,
seen it before,,,1.0,
claustrophobic,,,1.0,
jakie chan,,,1.0,
mike myers,,,1.0,
cursing,,,1.0,
elegant,,,1.0,
joseph fiennes,,,1.0,
Leonardo DiCaprio,,,1.0,
uganda,,,1.0,
that fat nerd is just annoying,,,1.0,
Dakota Fanning,,,1.0,
multiple roles,,,1.0,
intelligent,,,1.0,
Nudity (Rear),,,1.0,
hallucinatory,,,1.0,
cheezy to the max!,,,1.0,
tobey maguire,,,1.0,
physics,,,1.0,
beer,,,1.0,
Rock,,,1.0,
sequel,,,1.0,
jedi,,,1.0,
mindfuck,,,1.0,
teleportation,,,1.0,
anti-hero,,,1.0,
R:strong sexual content,,,1.0,
covers a lifespan,,,1.0,
Matthew Perry,,,1.0,
author:Neil Gaiman,,,1.0,
hugh jackman,,,1.0,
high school,,,1.0,
ridiculous training sequence,,,1.0,
Blindfold,,,1.0,
Views,,,1.0,
based on a TV show,,,1.0,
Drugs,,,1.0,
good but not accurate,,,1.0,
Abigail Breslin,,,1.0,
akira kurosawa,,,1.0,
freedom,,,1.0,
heartwarming,,,1.0,
John Cleese,,,1.0,
paranoid,,,1.0,
activist,,,1.0,
plot holes,,,1.0,
not only for kids,,,1.0,
rich families,,,1.0,
Predictable,,,1.0,
hugh grant,,,1.0,
thought-provoking,,,1.0,
guy ritchie,,,1.0,
hilarious,,,1.0,
fairy tales,,,1.0,
adapted from:book,,,1.0,
rock and roll,,,1.0,
Overrated,,,1.0,
comedy of manners,,,1.0,
cooking,,,1.0,
renegade art,,,1.0,
hijacking,,,1.0,
crude,,,1.0,
video game adaptation,,,1.0,
cocaine,,,1.0,
honest,,,1.0,
tragedy,,,1.0,
wrongful imprisonment,,,1.0,
British,,,1.0,
not worth your time,,,1.0,
Fetish,,,1.0,
Martin Scorsese,,,1.0,
Funny,,,1.0,
bad acting,,,1.0,
awkward,,,1.0,
not by book,,,1.0,
japanese influence,,,1.0,
baseball,,,1.0,
american idiocy,,,1.0,
Neil Gaiman,,,1.0,
Nudity (Full Frontal - Notable),,,1.0,
narrated,,,1.0,
found footage,,,1.0,
sword fight,,,1.0,
eerie,,,1.0,
billy bob thorton,,,1.0,
Batman,,,1.0,
Why the terrorists hate us,,,1.0,
BDSM,,,1.0,
hit men,,,1.0,
r. phoneix,,,1.0,
survival horror,,,1.0,
crime,,,1.0,
Alfred Hitchcock,,,1.0,
Intrigued,,,1.0,
Helen Hunt,,,1.0,
Nicolas Cage,,,1.0,
redemption,,,1.0,
tosee,,,1.0,
claymation,,,1.0,
supernatural powers,,,1.0,
robots,,,1.0,
apocalypse,,,1.0,
Alex van Warmerdam,,,1.0,
Ron Howard,,,1.0,
Irene Jacob,,,1.0,
must see,,,1.0,
touching,,,1.0,
slow parts,,,1.0,
alternate universe,,,1.0,
big brother,,,1.0,
great dialogue,,,1.0,
Tim Robbins,,,1.0,
directorial debut,,,1.0,
pixar,,,1.0,
r:violence,,,1.0,
privacy,,,1.0,
but still a fun movie.,,,1.0,
depressing,,,1.0,
military,,,1.0,
philosophical issues,,,1.0,
greed,,,1.0,
Sienna Guillory,,,1.0,
fairytale,,,1.0,
Gwyneth Paltrow,,,1.0,
sandra 'boring' bullock,,,1.0,
i'd like to live in this movie,,,1.0,
humor,,,1.0,
good science,,,1.0,
coen brothers,,,1.0,
"The Rocks ""finest"" work need I say more?",,,1.0,
super-hero,,,1.0,
edward norton,,,1.0,
artificial intelligence,,,1.0,
vampire,,,1.0,
tarantino,,,1.0,
unique look,,,1.0,
Phenomenal!,,,1.0,
colin firth,,,1.0,
musical parodies,,,1.0,
friends,,,1.0,
well done,,,1.0,
beautifully filmed,,,1.0,
Stanley Kubrick,,,1.0,
cool and great music,,,1.0,
prison,,,1.0,
sexist,,,1.0,
jodi foster,,,1.0,
Exellent first half,,,1.0,
lyrical,,,1.0,
series,,,1.0,
unusual plot structure,,,1.0,
brother sister relationship,,,1.0,
gritty,,,1.0,
easily confused with other movie(s) (title),,,1.0,
shakespeare,,,1.0,
desert,,,1.0,
adventure,,,1.0,
I loved it! Seen it five times already!,,,1.0,
Aging,,,1.0,
Hayao Miyazaki,,,1.0,
Cole Hauser,,,1.0,
Syfy,,,1.0,
magic,,,1.0,
Hugh Jackman,,,1.0,
photography,,,1.0,
Submission,,,1.0,
character development,,,1.0,
vigilantism,,,1.0,
Lame everything,,,1.0,
inspiring,,,1.0,
disappointing,,,1.0,
tim robbins,,,1.0,
existentialism,,,1.0,
Steve Buscemi,,,1.0,
Micheal Keaton,,,1.0,
Jason Patric,,,1.0,
Disney studios,,,1.0,
beautiful scenery,,,1.0,
Paris,,,1.0,
National Film Registry,,,1.0,
technology,,,1.0,
based on a true story,,,1.0,
will farell,,,1.0,
Oded Fehr,,,1.0,
visceral,,,1.0,
serial killer,,,1.0,
New York City,,,1.0,
bad camerawork,,,1.0,
steve carell,,,1.0,
eastern europe,,,1.0,
Tied,,,1.0,
witty,,,1.0,
low-budget,,,1.0,
europe,,,1.0,
controversial,,,1.0,
notable nudity,,,1.0,
on the run,,,1.0,
politics,,,1.0,
adam sandler,,,1.0,
Jude Law,,,1.0,
crude humor,,,1.0,
denzel washington,,,1.0,
graphic design,,,1.0,
joss whedon,,,1.0,
forgettable,,,1.0,
Gore!!!,,,1.0,
Robert Pattinson,,,1.0,
dentist,,,1.0,
As historicaly correct as Germany winning WW2,,,1.0,
strong female presence,,,1.0,
guy movie,,,1.0,
johnny depp,,,1.0,
Emilio Estevez,,,1.0,
meg ryan,,,1.0,
moody,,,1.0,
good animation,,,1.0,
Captain Hammer,,,1.0,
happiness,,,1.0,
Firefly,,,1.0,
Mossad,,,1.0,
Roman Polanski,,,1.0,
social commentary,,,1.0,
no desire to see this,,,1.0,
teen pregnancy,,,1.0,
Bondage,,,1.0,
sort of honest,,,1.0,
racism,,,1.0,
possession,,,1.0,
bollywood,,,1.0,
Quirky,,,1.0,
sufficiently explodey to be good,,,1.0,
Guillermo del Toro,,,1.0,
meaning of life,,,1.0,
true story,,,1.0,
Udo Kier,,,1.0,
demons,,,1.0,
porn,,,1.0,
Jeff Bridges,,,1.0,
not too thrilled,,,1.0,
relativity,,,1.0,
childish plot,,,1.0,
intense,,,1.0,
Kristen Stewart,,,1.0,
Psychological Thriller,,,1.0,
ei muista,,,1.0,
Dieselpunk,,,1.0,
Harrison Ford,,,1.0,
psychological thriller,,,1.0,
Michael Mann,,,1.0,
liked the other two better,,,1.0,
CHRISTIAN,,,1.0,
jack nicholson,,,1.0,
lake forest,,,1.0,
Fernando E. Solanas,,,1.0,
determination,,,1.0,
romantic comedy,,,1.0,
80's classic,,,1.0,
feel good,,,1.0,
spock,,,1.0,
Coming of Age,,,1.0,
India,,,1.0,
star,,,1.0,
interesting ideea,,,1.0,
cheerleading,,,1.0,
thora birch,,,1.0,
ensemble cast,,,1.0,
Johnny Depp***,,,1.0,
Jim carrey,,,1.0,
gay,,,1.0,
genuine characters,,,1.0,
Jack Black,,,1.0,
the best comic adaptation!,,,1.0,
Viggo Mortensen,,,1.0,
script,,,1.0,
campy,,,1.0,
critically acclaimed,,,1.0,
irreverent,,,1.0,
Try not to mistake this for an episode of Alias,,,1.0,
hillarious,,,1.0,
sad,,,1.0,
meryl streep,,,1.0,
obvious plot,,,1.0,
sweet,,,1.0,
too long,,,1.0,
il,,,1.0,
aviation,,,1.0,
biblical,,,1.0,
virtual reality,,,1.0,
sci fi,,,1.0,
terrible ending,,,1.0,
school,,,1.0,
strippers,,,1.0,
Vampire Human Love,,,1.0,
villain nonexistent or not needed for good story,,,1.0,
Stephen Chow,,,1.0,
Benicio Del Toro,,,1.0,
pregnancy,,,1.0,
food,,,1.0,
based on a book,,,1.0,
group psychology,,,1.0,
Max Brothers,,,1.0,
Iceland,,,1.0,
Long,,,1.0,
Aging Disorder,,,1.0,
Tom Cruise,,,1.0,
Just stupid,,,1.0,
complicated,,,1.0,
Krzysztof Kieslowski,,,1.0,
memories,,,1.0,
beauty pageant,,,1.0,
cool,,,1.0,
comedt,,,1.0,
Star Trek,,,1.0,
feminist,,,1.0,
nair,,,1.0,
insanity,,,1.0,
New York,,,1.0,
"space epic, science fiction, hero's journey",,,1.0,
social criticism,,,1.0,
devotion,,,1.0,
sexy food,,,1.0,
jimmy stewart,,,1.0,
okay,,,1.0,
Russian,,,1.0,
Sandra Bullock,,,1.0,
steampunk,,,1.0,
Mark Wahlberg,,,1.0,
Post apocalyptic,,,1.0,
1940's feel,,,1.0,
franchise,,,1.0,
Satoshi Kon,,,1.0,
cute,,,1.0,
1140455275,,,,4.0
1165548675,,,,3.0
1283581045,,,,3.0
1367909949,,,,3.0
1429911417,,,,3.0
1425503802,,,,3.0
1436680885,,,,3.0
1159734584,,,,3.0
1436920551,,,,3.0
1436621295,,,,3.0
1432523704,,,,3.0
1437004053,,,,3.0
1425876220,,,,3.0
1430526450,,,,3.0
1140395930,,,,2.0
1444530270,,,,2.0
1444534872,,,,2.0
1140455343,,,,2.0
1165548392,,,,2.0
1412348038,,,,2.0
1159734622,,,,2.0
1159734220,,,,2.0
1159734608,,,,2.0
1159734552,,,,2.0
1430799184,,,,2.0
1140389056,,,,2.0
1431584497,,,,2.0
1412348651,,,,2.0
1444529879,,,,2.0
1159734683,,,,2.0
1159734706,,,,2.0
1218405627,,,,2.0
1159734301,,,,2.0
1159734745,,,,2.0
1156788918,,,,1.0
1292956344,,,,1.0
1253929657,,,,1.0
1292956346,,,,1.0
1444534971,,,,1.0
1165548220,,,,1.0
1322848957,,,,1.0
1292956215,,,,1.0
1353702078,,,,1.0
1292047039,,,,1.0
1444534976,,,,1.0
1353702082,,,,1.0
1353702083,,,,1.0
1444534981,,,,1.0
1444534982,,,,1.0
1354033695,,,,1.0
1189187738,,,,1.0
1260688053,,,,1.0
1476113746,,,,1.0
1450365156,,,,1.0
1156788913,,,,1.0
1444530864,,,,1.0
1444530861,,,,1.0
1444534998,,,,1.0
1354033698,,,,1.0
1156788904,,,,1.0
1418986019,,,,1.0
1253929639,,,,1.0
1412348396,,,,1.0
1253929636,,,,1.0
1146477217,,,,1.0
1165548358,,,,1.0
1353702088,,,,1.0
1444534985,,,,1.0
1140454522,,,,1.0
1432365814,,,,1.0
1444528813,,,,1.0
1444528875,,,,1.0
1408781036,,,,1.0
1342849166,,,,1.0
1444528880,,,,1.0
1232812787,,,,1.0
1432365802,,,,1.0
1260688105,,,,1.0
1292956408,,,,1.0
1446815098,,,,1.0
1437338139,,,,1.0
1412348440,,,,1.0
1197313756,,,,1.0
1443807766,,,,1.0
1156788764,,,,1.0
1444530920,,,,1.0
1292956362,,,,1.0
1383626018,,,,1.0
1473748292,,,,1.0
1444534994,,,,1.0
1342849552,,,,1.0
1168878292,,,,1.0
1342849749,,,,1.0
1260688086,,,,1.0
1444528857,,,,1.0
1292956189,,,,1.0
1444528860,,,,1.0
1340916254,,,,1.0
1476583059,,,,1.0
1444530913,,,,1.0
1260688098,,,,1.0
1444528870,,,,1.0
1400501925,,,,1.0
1342849685,,,,1.0
1413426713,,,,1.0
1353701935,,,,1.0
1146477133,,,,1.0
1327491628,,,,1.0
1444534834,,,,1.0
1354033746,,,,1.0
1444530771,,,,1.0
1418485385,,,,1.0
1444530775,,,,1.0
1423131235,,,,1.0
1253929518,,,,1.0
1187054169,,,,1.0
1444530778,,,,1.0
1412348245,,,,1.0
1243510212,,,,1.0
1138983469,,,,1.0
1292956236,,,,1.0
1250742859,,,,1.0
1292956234,,,,1.0
1182393913,,,,1.0
1354033715,,,,1.0
1243454882,,,,1.0
1292956230,,,,1.0
1342849135,,,,1.0
1292956226,,,,1.0
1292956212,,,,1.0
1230870494,,,,1.0
1182433856,,,,1.0
1408781025,,,,1.0
1354033727,,,,1.0
1146477118,,,,1.0
1253929532,,,,1.0
1472178747,,,,1.0
1342849494,,,,1.0
1237060140,,,,1.0
1354033700,,,,1.0
1200784012,,,,1.0
1436827601,,,,1.0
1268555186,,,,1.0
1444528772,,,,1.0
1163219591,,,,1.0
1306109318,,,,1.0
1237060235,,,,1.0
1444528781,,,,1.0
1444531651,,,,1.0
1146477233,,,,1.0
1434169472,,,,1.0
1292956306,,,,1.0
1369217683,,,,1.0
1156788774,,,,1.0
1444534932,,,,1.0
1222269690,,,,1.0
1200784002,,,,1.0
1449755637,,,,1.0
1146477184,,,,1.0
1267280510,,,,1.0
1250742907,,,,1.0
1233517175,,,,1.0
1292956276,,,,1.0
1327491698,,,,1.0
1444529978,,,,1.0
1253929514,,,,1.0
1292956203,,,,1.0
1342849242,,,,1.0
1444534961,,,,1.0
1397129838,,,,1.0
1140454779,,,,1.0
1444534887,,,,1.0
1168879611,,,,1.0
1292956425,,,,1.0
1476583038,,,,1.0
1243454371,,,,1.0
1444535205,,,,1.0
1165548454,,,,1.0
1140454312,,,,1.0
1243509674,,,,1.0
1243454382,,,,1.0
1436680217,,,,1.0
1432308656,,,,1.0
1342849969,,,,1.0
1243454386,,,,1.0
1432308659,,,,1.0
1243509684,,,,1.0
1253929910,,,,1.0
1197165862,,,,1.0
1253929917,,,,1.0
1448813502,,,,1.0
1243509668,,,,1.0
1444535201,,,,1.0
1140454336,,,,1.0
835355551,,,,1.0
1318706053,,,,1.0
1148672905,,,,1.0
1444531083,,,,1.0
1243509645,,,,1.0
1444529038,,,,1.0
1444529040,,,,1.0
1444529044,,,,1.0
1159734165,,,,1.0
1243454358,,,,1.0
1165548439,,,,1.0
1476583253,,,,1.0
1342849945,,,,1.0
1140454299,,,,1.0
1243454364,,,,1.0
1444535198,,,,1.0
1243455060,,,,1.0
1243510204,,,,1.0
1444535170,,,,1.0
1444529124,,,,1.0
1301785976,,,,1.0
1444531177,,,,1.0
1444531178,,,,1.0
1243454374,,,,1.0
1342850705,,,,1.0
1444531181,,,,1.0
1342849627,,,,1.0
1243454447,,,,1.0
1168878578,,,,1.0
1444529139,,,,1.0
1243454452,,,,1.0
1301785978,,,,1.0
1353702390,,,,1.0
1444529143,,,,1.0
1353702393,,,,1.0
1159734245,,,,1.0
1140454370,,,,1.0
1253929922,,,,1.0
1356967567,,,,1.0
1444535236,,,,1.0
1342849298,,,,1.0
1318706118,,,,1.0
1444530041,,,,1.0
1444535241,,,,1.0
1432308686,,,,1.0
1444535247,,,,1.0
1444529104,,,,1.0
1146476364,,,,1.0
1449756138,,,,1.0
1159734233,,,,1.0
1444529115,,,,1.0
1342850259,,,,1.0
1444531077,,,,1.0
1444529119,,,,1.0
1444535172,,,,1.0
1287199615,,,,1.0
1243454590,,,,1.0
1468592921,,,,1.0
1168878363,,,,1.0
1146477341,,,,1.0
1292956446,,,,1.0
1471521067,,,,1.0
1292956448,,,,1.0
1444530404,,,,1.0
1292956450,,,,1.0
1339284259,,,,1.0
1292956453,,,,1.0
1444528941,,,,1.0
1339284270,,,,1.0
1342849839,,,,1.0
1444528944,,,,1.0
1296202619,,,,1.0
1444528947,,,,1.0
1339284250,,,,1.0
1292956439,,,,1.0
1292956469,,,,1.0
1292956435,,,,1.0
1342849790,,,,1.0
1292956416,,,,1.0
1276350948,,,,1.0
1472303875,,,,1.0
1444528900,,,,1.0
1292956422,,,,1.0
1342849254,,,,1.0
1230814624,,,,1.0
1353702155,,,,1.0
1342849804,,,,1.0
1262146022,,,,1.0
1253926100,,,,1.0
1339284240,,,,1.0
1243454508,,,,1.0
1353702162,,,,1.0
1168878388,,,,1.0
1291780920,,,,1.0
1444535166,,,,1.0
1243454300,,,,1.0
1444531041,,,,1.0
1444531044,,,,1.0
835355493,,,,1.0
1446622291,,,,1.0
1254390631,,,,1.0
1444531050,,,,1.0
1342849900,,,,1.0
1243454317,,,,1.0
1378384753,,,,1.0
1476650744,,,,1.0
1243454326,,,,1.0
1318706042,,,,1.0
1168878844,,,,1.0
1444535164,,,,1.0
1444531424,,,,1.0
1301284180,,,,1.0
1146596187,,,,1.0
1253933882,,,,1.0
1342850172,,,,1.0
1444528955,,,,1.0
1292956476,,,,1.0
1292956479,,,,1.0
1292956481,,,,1.0
1253929798,,,,1.0
1423194952,,,,1.0
1444528969,,,,1.0
1253929802,,,,1.0
1197121953,,,,1.0
1444529792,,,,1.0
1475705682,,,,1.0
1243454936,,,,1.0
1197165707,,,,1.0
1253929813,,,,1.0
1230869509,,,,1.0
1354033685,,,,1.0
1444530697,,,,1.0
1437338130,,,,1.0
1140454856,,,,1.0
1189187750,,,,1.0
1354033711,,,,1.0
1339283627,,,,1.0
1342850721,,,,1.0
1268555304,,,,1.0
1317998768,,,,1.0
1361888026,,,,1.0
1339283636,,,,1.0
1356273884,,,,1.0
1253929141,,,,1.0
1357543606,,,,1.0
1342849207,,,,1.0
1343973832,,,,1.0
1446815214,,,,1.0
1243454450,,,,1.0
1342849220,,,,1.0
1317998755,,,,1.0
1339283617,,,,1.0
1423194272,,,,1.0
1449755731,,,,1.0
1440379018,,,,1.0
1140455564,,,,1.0
1440379022,,,,1.0
1446815138,,,,1.0
1449755822,,,,1.0
1146476692,,,,1.0
1386946018,,,,1.0
1260759191,,,,1.0
1138983064,,,,1.0
1317998745,,,,1.0
1339283610,,,,1.0
1437338150,,,,1.0
1238823068,,,,1.0
1476583581,,,,1.0
1243454610,,,,1.0
1253931205,,,,1.0
1253929162,,,,1.0
1354033681,,,,1.0
1444530413,,,,1.0
1253929189,,,,1.0
1440380001,,,,1.0
1463916776,,,,1.0
1253931241,,,,1.0
1444530410,,,,1.0
1243509670,,,,1.0
1253931244,,,,1.0
1243454561,,,,1.0
1159734652,,,,1.0
1444530417,,,,1.0
1343973620,,,,1.0
1342849272,,,,1.0
1182393939,,,,1.0
1146476794,,,,1.0
1268555286,,,,1.0
1463337213,,,,1.0
1463916772,,,,1.0
1189187574,,,,1.0
1253931234,,,,1.0
1444531186,,,,1.0
1342849229,,,,1.0
1321564884,,,,1.0
1253931216,,,,1.0
1253929169,,,,1.0
1463337171,,,,1.0
1253929173,,,,1.0
1409381147,,,,1.0
1444530392,,,,1.0
1253929177,,,,1.0
1444530394,,,,1.0
1292077909,,,,1.0
1253929180,,,,1.0
1444530397,,,,1.0
1356623118,,,,1.0
1253929184,,,,1.0
1243510202,,,,1.0
1348198533,,,,1.0
1471010946,,,,1.0
1470111984,,,,1.0
1243454943,,,,1.0
1200875555,,,,1.0
1444530216,,,,1.0
1140455465,,,,1.0
1189187626,,,,1.0
1444530219,,,,1.0
1198811180,,,,1.0
1444528866,,,,1.0
1343973505,,,,1.0
1412347952,,,,1.0
1444530228,,,,1.0
1140455478,,,,1.0
1189187818,,,,1.0
1434169401,,,,1.0
1187737659,,,,1.0
1446830142,,,,1.0
1444530209,,,,1.0
1168879647,,,,1.0
1386245656,,,,1.0
1444530203,,,,1.0
1386658220,,,,1.0
1449754627,,,,1.0
1168879003,,,,1.0
1342850438,,,,1.0
1140455432,,,,1.0
1444529225,,,,1.0
1444530190,,,,1.0
1472570165,,,,1.0
1436669968,,,,1.0
1444530195,,,,1.0
1436669973,,,,1.0
1449755519,,,,1.0
1444530199,,,,1.0
1444530200,,,,1.0
1223243801,,,,1.0
1342849087,,,,1.0
1446830144,,,,1.0
1470111811,,,,1.0
1356623017,,,,1.0
1189187687,,,,1.0
1444530281,,,,1.0
1343973482,,,,1.0
1260759148,,,,1.0
1243454518,,,,1.0
1432308664,,,,1.0
1443393648,,,,1.0
1249808497,,,,1.0
1190475890,,,,1.0
1140455540,,,,1.0
1476583542,,,,1.0
1386657913,,,,1.0
1250738298,,,,1.0
1140455549,,,,1.0
1443393664,,,,1.0
1446283752,,,,1.0
1140455522,,,,1.0
1260759108,,,,1.0
1200549984,,,,1.0
1343973445,,,,1.0
1140455496,,,,1.0
1446830153,,,,1.0
1342849103,,,,1.0
1446622259,,,,1.0
1378132522,,,,1.0
1334343486,,,,1.0
1140455511,,,,1.0
1444530873,,,,1.0
1189187673,,,,1.0
1342849114,,,,1.0
1444530267,,,,1.0
1318706705,,,,1.0
1476583517,,,,1.0
1446283359,,,,1.0
1342849599,,,,1.0
1463337217,,,,1.0
1296204035,,,,1.0
1159734421,,,,1.0
1354033605,,,,1.0
1444530631,,,,1.0
1108134344,,,,1.0
1444530633,,,,1.0
1354033611,,,,1.0
1335900622,,,,1.0
1471521036,,,,1.0
1443807803,,,,1.0
1412348319,,,,1.0
1354033620,,,,1.0
1341055445,,,,1.0
1339283926,,,,1.0
1301715415,,,,1.0
1354033624,,,,1.0
1339283929,,,,1.0
1418986015,,,,1.0
1444530628,,,,1.0
1197121987,,,,1.0
1354033602,,,,1.0
1354033600,,,,1.0
1354033569,,,,1.0
1342849443,,,,1.0
1386657846,,,,1.0
1190475823,,,,1.0
1197121965,,,,1.0
1476583410,,,,1.0
1468248495,,,,1.0
1342849456,,,,1.0
1350531508,,,,1.0
1343973817,,,,1.0
1444530618,,,,1.0
1318706470,,,,1.0
1444530620,,,,1.0
1438398078,,,,1.0
1141391806,,,,1.0
1354033628,,,,1.0
1339283933,,,,1.0
1354033630,,,,1.0
1412348191,,,,1.0
1396017727,,,,1.0
1354033663,,,,1.0
1444530688,,,,1.0
1141391873,,,,1.0
1444530691,,,,1.0
1182393819,,,,1.0
1342849768,,,,1.0
1444530694,,,,1.0
1342849544,,,,1.0
1444529148,,,,1.0
1476113567,,,,1.0
1444530699,,,,1.0
1436621325,,,,1.0
1431088744,,,,1.0
1342849955,,,,1.0
1243509641,,,,1.0
1146477049,,,,1.0
1339283935,,,,1.0
1342850801,,,,1.0
1354033633,,,,1.0
1354033636,,,,1.0
1301715429,,,,1.0
1354033638,,,,1.0
1200334609,,,,1.0
1354033640,,,,1.0
1146477033,,,,1.0
1339456173,,,,1.0
1354033644,,,,1.0
1444534765,,,,1.0
1354033646,,,,1.0
1342850481,,,,1.0
1354033650,,,,1.0
1444534772,,,,1.0
1354033653,,,,1.0
1253929376,,,,1.0
1444529613,,,,1.0
1243454333,,,,1.0
851867379,,,,1.0
1343973308,,,,1.0
1140455730,,,,1.0
1412348211,,,,1.0
1444529987,,,,1.0
1190475838,,,,1.0
1386657798,,,,1.0
1243454586,,,,1.0
1353063038,,,,1.0
1253929373,,,,1.0
1140455743,,,,1.0
1470112064,,,,1.0
1449755899,,,,1.0
1189187908,,,,1.0
1417010271,,,,1.0
1343973703,,,,1.0
1253929290,,,,1.0
1432308674,,,,1.0
1417010208,,,,1.0
1236951337,,,,1.0
1189187878,,,,1.0
1140455685,,,,1.0
1140454443,,,,1.0
1343973230,,,,1.0
1386658060,,,,1.0
1463916817,,,,1.0
1412348178,,,,1.0
1471521044,,,,1.0
1140455703,,,,1.0
1475737522,,,,1.0
1342849477,,,,1.0
1329513993,,,,1.0
1301715231,,,,1.0
1342849313,,,,1.0
1471521058,,,,1.0
1412348360,,,,1.0
1253929293,,,,1.0
1253929296,,,,1.0
1189187923,,,,1.0
1301196436,,,,1.0
1411137921,,,,1.0
1432308624,,,,1.0
1387360646,,,,1.0
1412348295,,,,1.0
1342849466,,,,1.0
1146476938,,,,1.0
1332487973,,,,1.0
1444529368,,,,1.0
1189187983,,,,1.0
1432308622,,,,1.0
1341055378,,,,1.0
1141391765,,,,1.0
1146476954,,,,1.0
1342849435,,,,1.0
1253929372,,,,1.0
1351319934,,,,1.0
1412348275,,,,1.0
1444530516,,,,1.0
1253926337,,,,1.0
1444530517,,,,1.0
1444530521,,,,1.0
1378985328,,,,1.0
1444530524,,,,1.0
1356409181,,,,1.0
1189187934,,,,1.0
1444530527,,,,1.0
1444530529,,,,1.0
1367718836,,,,1.0
1412348261,,,,1.0
1402760218,,,,1.0
1436680177,,,,1.0
1189187947,,,,1.0
1469112392,,,,1.0
1223244145,,,,1.0
1353702395,,,,1.0
1449757705,,,,1.0
1237060605,,,,1.0
1270485757,,,,1.0
1444529800,,,,1.0
1253930633,,,,1.0
1383625950,,,,1.0
1276350928,,,,1.0
1253930636,,,,1.0
1253928590,,,,1.0
1444531086,,,,1.0
1444529809,,,,1.0
1195959915,,,,1.0
1472178574,,,,1.0
1354033596,,,,1.0
1253930644,,,,1.0
1253928597,,,,1.0
1259384470,,,,1.0
1444529816,,,,1.0
1476583430,,,,1.0
1140389511,,,,1.0
1334013574,,,,1.0
1467946629,,,,1.0
1389766232,,,,1.0
1253926511,,,,1.0
1140455419,,,,1.0
1243454875,,,,1.0
1140455208,,,,1.0
1243455092,,,,1.0
1253926517,,,,1.0
1253926519,,,,1.0
1140455032,,,,1.0
1343973754,,,,1.0
1293381435,,,,1.0
1243455099,,,,1.0
1253926526,,,,1.0
1253930624,,,,1.0
1334013570,,,,1.0
1140455043,,,,1.0
1444529820,,,,1.0
1470112098,,,,1.0
1444529824,,,,1.0
1292956518,,,,1.0
1327491687,,,,1.0
1444529864,,,,1.0
1312868042,,,,1.0
1444529867,,,,1.0
1416281804,,,,1.0
1444529869,,,,1.0
1230814303,,,,1.0
1140455126,,,,1.0
1444529881,,,,1.0
1182393876,,,,1.0
1140389595,,,,1.0
1444529884,,,,1.0
1449755171,,,,1.0
1444529889,,,,1.0
1259383836,,,,1.0
1243454454,,,,1.0
1140454281,,,,1.0
1140455073,,,,1.0
1146476225,,,,1.0
1444529829,,,,1.0
1476583080,,,,1.0
1476113822,,,,1.0
1262145753,,,,1.0
1268555437,,,,1.0
1140455086,,,,1.0
1342850735,,,,1.0
1354033667,,,,1.0
1182394053,,,,1.0
1243455160,,,,1.0
1257694906,,,,1.0
1476583101,,,,1.0
1140455102,,,,1.0
1140454996,,,,1.0
1322894457,,,,1.0
1412347244,,,,1.0
1444529351,,,,1.0
1140454907,,,,1.0
1253926435,,,,1.0
1253926426,,,,1.0
1342850598,,,,1.0
1253926429,,,,1.0
1440380446,,,,1.0
1243455007,,,,1.0
1440380448,,,,1.0
1355599327,,,,1.0
1243455012,,,,1.0
1344134759,,,,1.0
1259383809,,,,1.0
1243455014,,,,1.0
1140454952,,,,1.0
1412346850,,,,1.0
1354044970,,,,1.0
1253930539,,,,1.0
1243455020,,,,1.0
1367909913,,,,1.0
1440380440,,,,1.0
1312868088,,,,1.0
1440380438,,,,1.0
1182393855,,,,1.0
1412347392,,,,1.0
1476113594,,,,1.0
1243454978,,,,1.0
1253926404,,,,1.0
1179031045,,,,1.0
1243454982,,,,1.0
1444529671,,,,1.0
1253926408,,,,1.0
1243454985,,,,1.0
1199396362,,,,1.0
1253926417,,,,1.0
1198968553,,,,1.0
1440380436,,,,1.0
1140454933,,,,1.0
1440380463,,,,1.0
1412474417,,,,1.0
1440380466,,,,1.0
1243455053,,,,1.0
1444529746,,,,1.0
1182394030,,,,1.0
1440380500,,,,1.0
1354966811,,,,1.0
1279986154,,,,1.0
1444529752,,,,1.0
1292956431,,,,1.0
1253930587,,,,1.0
1444529756,,,,1.0
1444529760,,,,1.0
1271429973,,,,1.0
1386245688,,,,1.0
1146477102,,,,1.0
1235048573,,,,1.0
1033344937,,,,1.0
1243455057,,,,1.0
1444529739,,,,1.0
1440380467,,,,1.0
1168879177,,,,1.0
1228486518,,,,1.0
1440380470,,,,1.0
1342849030,,,,1.0
1301765688,,,,1.0
1168879161,,,,1.0
1436621257,,,,1.0
1446211131,,,,1.0
1476113970,,,,1.0
1299563653,,,,1.0
1438398050,,,,1.0
1476583459,,,,1.0
1444529729,,,,1.0
1444531780,,,,1.0
1342275142,,,,1.0
1444531783,,,,1.0
1444529892,,,,1.0
1437105893,,,,1.0
1249808102,,,,1.0
1476583329,,,,1.0
1318706739,,,,1.0
1388820371,,,,1.0
1444761492,,,,1.0
1322848784,,,,1.0
1328012694,,,,1.0
1342849862,,,,1.0
1137217440,,,,1.0
1223243682,,,,1.0
1446211303,,,,1.0
1281363877,,,,1.0
1436621329,,,,1.0
1444529109,,,,1.0
1268555500,,,,1.0
1475737516,,,,1.0
1354966835,,,,1.0
1475737520,,,,1.0
1277386636,,,,1.0
1476583306,,,,1.0
1444761481,,,,1.0
1140455303,,,,1.0
1463916386,,,,1.0
1476583274,,,,1.0
1444531787,,,,1.0
1444530030,,,,1.0
1471606640,,,,1.0
1463916401,,,,1.0
1243510209,,,,1.0
1444530038,,,,1.0
1292956194,,,,1.0
1334013436,,,,1.0
1140455292,,,,1.0
1444530045,,,,1.0
1354966894,,,,1.0
1343973251,,,,1.0
1431187332,,,,1.0
1343973557,,,,1.0
1444530113,,,,1.0
1444530100,,,,1.0
1436827612,,,,1.0
1437107491,,,,1.0
1170560997,,,,1.0
1253928934,,,,1.0
1253928935,,,,1.0
1444530142,,,,1.0
1342849418,,,,1.0
1386729453,,,,1.0
1449754606,,,,1.0
1444530159,,,,1.0
1292077803,,,,1.0
1140455409,,,,1.0
1198811122,,,,1.0
1192323038,,,,1.0
1253928950,,,,1.0
1322849030,,,,1.0
1253928926,,,,1.0
1476583387,,,,1.0
1193435061,,,,1.0
1140455383,,,,1.0
1438023607,,,,1.0
1444530106,,,,1.0
1301196425,,,,1.0
1292956490,,,,1.0
1168879553,,,,1.0
1301284184,,,,1.0
1463916484,,,,1.0
1476583367,,,,1.0
1417010184,,,,1.0
1140455370,,,,1.0
1301785980,,,,1.0
1444530127,,,,1.0
1343973328,,,,1.0
1165548495,,,,1.0
1407510485,,,,1.0
1197164385,,,,1.0
1207957343,,,,1.0
1228486494,,,,1.0
1243454608,,,,1.0
1342850820,,,,1.0
1197164296,,,,1.0
1446211337,,,,1.0
1353703178,,,,1.0
1243455166,,,,1.0
1140455181,,,,1.0
1353703182,,,,1.0
1444535238,,,,1.0
1463916304,,,,1.0
1353703185,,,,1.0
1146476308,,,,1.0
1197164312,,,,1.0
1444530098,,,,1.0
1444530207,,,,1.0
1140455195,,,,1.0
1353703171,,,,1.0
1463916289,,,,1.0
1200107294,,,,1.0
1200334592,,,,1.0
1476583144,,,,1.0
1146476265,,,,1.0
1444529899,,,,1.0
1253930543,,,,1.0
1312868078,,,,1.0
1301715225,,,,1.0
1140455152,,,,1.0
1146476274,,,,1.0
1463916275,,,,1.0
1342849195,,,,1.0
1468077718,,,,1.0
1423194143,,,,1.0
1466133970,,,,1.0
1312868243,,,,1.0
1476583167,,,,1.0
1476419254,,,,1.0
1449533216,,,,1.0
1425780053,,,,1.0
1170626366,,,,1.0
1253926723,,,,1.0
1197122048,,,,1.0
1253926726,,,,1.0
1253926728,,,,1.0
1253932873,,,,1.0
1253926730,,,,1.0
1354966859,,,,1.0
1253932876,,,,1.0
1253932878,,,,1.0
1253926735,,,,1.0
1423201850,,,,1.0
1243455018,,,,1.0
1378985376,,,,1.0
1354966882,,,,1.0
1140455255,,,,1.0
1168879424,,,,1.0
1444529804,,,,1.0
1444529953,,,,1.0
1197122030,,,,1.0
1253928585,,,,1.0
1343973400,,,,1.0
1444529957,,,,1.0
1148077862,,,,1.0
1444529960,,,,1.0
1444529962,,,,1.0
1354966827,,,,1.0
1444529965,,,,1.0
1168879406,,,,1.0
1312868144,,,,1.0
1243454556,,,,1.0
1296798992,,,,1.0
1198968631,,,,1.0
1444529977,,,,1.0
1444531173,,,,1.0
1444529660,,,,1.0
1334013433,,,,1.0
1353702400,,,,1.0
1140454574,,,,1.0
1215923364,,,,1.0
1253930149,,,,1.0
1440380072,,,,1.0
1322848734,,,,1.0
1163220138,,,,1.0
1165548716,,,,1.0
1159734445,,,,1.0
1384107184,,,,1.0
1342850181,,,,1.0
1446211164,,,,1.0
1250742829,,,,1.0
1446622390,,,,1.0
1342850231,,,,1.0
1140455397,,,,1.0
1140454589,,,,1.0
1197122754,,,,1.0
1440380067,,,,1.0
1342850280,,,,1.0
1440380064,,,,1.0
1168878406,,,,1.0
1168878727,,,,1.0
1250440712,,,,1.0
1230942216,,,,1.0
1243454603,,,,1.0
1440380047,,,,1.0
1253930128,,,,1.0
1159734417,,,,1.0
1253926451,,,,1.0
1253930131,,,,1.0
1140454548,,,,1.0
1440380053,,,,1.0
1168878743,,,,1.0
1353702396,,,,1.0
1243454553,,,,1.0
1440380062,,,,1.0
1159734467,,,,1.0
1342849514,,,,1.0
1165548741,,,,1.0
1440380125,,,,1.0
1444529375,,,,1.0
1142686944,,,,1.0
1259388129,,,,1.0
1243454848,,,,1.0
1444529380,,,,1.0
1444535244,,,,1.0
1159734502,,,,1.0
1444529384,,,,1.0
1253860588,,,,1.0
1140454634,,,,1.0
1437000940,,,,1.0
1444531438,,,,1.0
1444530402,,,,1.0
1296798962,,,,1.0
1159734515,,,,1.0
1476113630,,,,1.0
1444529372,,,,1.0
1163220167,,,,1.0
1437932763,,,,1.0
1253926443,,,,1.0
1134521380,,,,1.0
1444529354,,,,1.0
1187738146,,,,1.0
1420131617,,,,1.0
1342849999,,,,1.0
1440380113,,,,1.0
1140454610,,,,1.0
1440380115,,,,1.0
1437932756,,,,1.0
1444531076,,,,1.0
1440380118,,,,1.0
1159734488,,,,1.0
1444529369,,,,1.0
1163220186,,,,1.0
1243454598,,,,1.0
1444529284,,,,1.0
1476113908,,,,1.0
1353702345,,,,1.0
1446622240,,,,1.0
1444531642,,,,1.0
1243454500,,,,1.0
1444535334,,,,1.0
1243454503,,,,1.0
1446622248,,,,1.0
1243454367,,,,1.0
1444535340,,,,1.0
1444529282,,,,1.0
1243454483,,,,1.0
1472179444,,,,1.0
1159734600,,,,1.0
1253930034,,,,1.0
1318706227,,,,1.0
1159734326,,,,1.0
1449757002,,,,1.0
1444535326,,,,1.0
1243454312,,,,1.0
1253860576,,,,1.0
1200784036,,,,1.0
1168878593,,,,1.0
1259383811,,,,1.0
1353702404,,,,1.0
1292956392,,,,1.0
1318706182,,,,1.0
1165548551,,,,1.0
1140454408,,,,1.0
1253928954,,,,1.0
1387083948,,,,1.0
1140455011,,,,1.0
1342849524,,,,1.0
1432308755,,,,1.0
1440379925,,,,1.0
1473748244,,,,1.0
1243454488,,,,1.0
1437338154,,,,1.0
1440379968,,,,1.0
1355938883,,,,1.0
1163220065,,,,1.0
1410947141,,,,1.0
1440380008,,,,1.0
1168878697,,,,1.0
1444529258,,,,1.0
1159734379,,,,1.0
1197165676,,,,1.0
1342850218,,,,1.0
1140455226,,,,1.0
1318706296,,,,1.0
1444529273,,,,1.0
1444529439,,,,1.0
1243454588,,,,1.0
1291781246,,,,1.0
1197165695,,,,1.0
1281363890,,,,1.0
1318706275,,,,1.0
1197165663,,,,1.0
1327491714,,,,1.0
1440379996,,,,1.0
1440379974,,,,1.0
1163220039,,,,1.0
1440379977,,,,1.0
1163220043,,,,1.0
1440379981,,,,1.0
1230814286,,,,1.0
1440379984,,,,1.0
835355731,,,,1.0
1243454548,,,,1.0
1294976085,,,,1.0
1440379991,,,,1.0
1470111738,,,,1.0
1440379993,,,,1.0
1292956205,,,,1.0
1159734363,,,,1.0
1454164221,,,,1.0
1444531445,,,,1.0
1140455238,,,,1.0
1230814631,,,,1.0
1253930399,,,,1.0
1243454880,,,,1.0
1291781538,,,,1.0
1168878736,,,,1.0
1388422564,,,,1.0
1140454821,,,,1.0
1291781542,,,,1.0
1201665448,,,,1.0
1444531450,,,,1.0
1253932459,,,,1.0
1253932463,,,,1.0
1140454833,,,,1.0
1423224182,,,,1.0
1253932469,,,,1.0
1253926328,,,,1.0
1253926330,,,,1.0
1243454878,,,,1.0
1470238109,,,,1.0
1253930395,,,,1.0
1197165976,,,,1.0
1243454842,,,,1.0
1353702357,,,,1.0
1168878972,,,,1.0
1301785981,,,,1.0
1243454846,,,,1.0
1301785983,,,,1.0
1159734656,,,,1.0
1301785988,,,,1.0
1301785990,,,,1.0
1292956196,,,,1.0
1449756046,,,,1.0
1444531430,,,,1.0
1140454805,,,,1.0
1253930390,,,,1.0
1198810519,,,,1.0
1444531644,,,,1.0
1342850493,,,,1.0
1444531647,,,,1.0
1253926364,,,,1.0
1140454879,,,,1.0
1378985440,,,,1.0
1338084833,,,,1.0
1243454946,,,,1.0
1444529635,,,,1.0
1243454948,,,,1.0
1243454980,,,,1.0
1243454950,,,,1.0
1243454952,,,,1.0
1243454954,,,,1.0
1140454892,,,,1.0
1444529645,,,,1.0
1243455095,,,,1.0
1354033657,,,,1.0
1446210938,,,,1.0
1444529629,,,,1.0
1243454939,,,,1.0
1253932481,,,,1.0
1253926360,,,,1.0
1355599298,,,,1.0
1440380355,,,,1.0
1253932484,,,,1.0
1440380357,,,,1.0
1444529608,,,,1.0
1440380361,,,,1.0
1355599008,,,,1.0
1253926349,,,,1.0
1159734734,,,,1.0
1444528852,,,,1.0
1444531664,,,,1.0
1253926354,,,,1.0
1243454933,,,,1.0
1338084822,,,,1.0
1417010466,,,,1.0
1243454840,,,,1.0
1301785974,,,,1.0
1197165941,,,,1.0
1444529440,,,,1.0
1253926178,,,,1.0
1159734563,,,,1.0
1412347417,,,,1.0
1218405594,,,,1.0
1253926182,,,,1.0
1399051398,,,,1.0
1444529449,,,,1.0
1138537770,,,,1.0
1437107499,,,,1.0
1388209512,,,,1.0
1197122145,,,,1.0
1444529457,,,,1.0
1187738100,,,,1.0
1383626036,,,,1.0
1223243755,,,,1.0
1296799009,,,,1.0
1253926186,,,,1.0
1444529463,,,,1.0
1159734555,,,,1.0
1342850302,,,,1.0
1446211185,,,,1.0
1296798978,,,,1.0
1159734531,,,,1.0
1197122822,,,,1.0
1197165832,,,,1.0
1253860562,,,,1.0
1253926158,,,,1.0
1472400655,,,,1.0
1253926160,,,,1.0
1318706449,,,,1.0
1437107475,,,,1.0
1197165844,,,,1.0
1253926165,,,,1.0
1253926168,,,,1.0
1342850358,,,,1.0
1472737430,,,,1.0
1301785972,,,,1.0
1301284182,,,,1.0
1440380251,,,,1.0
1432309085,,,,1.0
1440380255,,,,1.0
1432309088,,,,1.0
1342850401,,,,1.0
1432309090,,,,1.0
1253930342,,,,1.0
1140454393,,,,1.0
1318706536,,,,1.0
1253930345,,,,1.0
1159734634,,,,1.0
1159734636,,,,1.0
1243454832,,,,1.0
1140454770,,,,1.0
1301785971,,,,1.0
1243454321,,,,1.0
1440380245,,,,1.0
1296799034,,,,1.0
1432309076,,,,1.0
1159734589,,,,1.0
1354033608,,,,1.0
1437000955,,,,1.0
1417010500,,,,1.0
1292956420,,,,1.0
1197165894,,,,1.0
1318706504,,,,1.0
1440380233,,,,1.0
1342850379,,,,1.0
1322848999,,,,1.0
1378985294,,,,1.0
1440380239,,,,1.0
1467870755,,,,1.0
1440380242,,,,1.0
1342850387,,,,1.0
1250742877,,,,1.0
